[{
        "user_id": "1",
        "apt_info": {
            "address": "1000000 Packard ave",
            "lat": 42.4134020,
            "lng": -71.1219690,
            "num_occupants": 4,
            "op_details": {
                "pre_furnished": true,
                "incl_air_conditioning": true,
                "incl_washing_machine": true,
                "incl_dryer": true,
                "incl_dishwasher": true,
                "smoking_permitted": true,
                "handicap_accessible": true,
                "on_premises_parking": true,
                "pets_permitted": true
            }
        },
        "bedrooms": [
            {
                "date_start": "2016-05-23T00:00:00.000Z",
                "date_end": "2016-08-23T00:00:00.000Z",
                "rent": 667,
                "title": "Jackson's room",
                "photos": [
                    "http://www.pawderosa.com/images/puppies.jpg",
                    "http://www.pamperedpetz.net/wp-content/uploads/2015/09/Puppy1.jpg",
                    "http://cdn.skim.gs/image/upload/v1456344012/msi/Puppy_2_kbhb4a.jpg",
                    "http://www.cdc.gov/features/salmonellababybirds/salmonellababybirds_456px.jpg"
                ],
                "op_details": {
                    "pre_furnished": true,
                    "incl_air_conditioning": true
                },
                "date_start_is_flexible": true,
                "date_end_is_flexible": true
            },
            {
                "date_start": "2016-05-14T00:00:00.000Z",
                "date_end": "2016-09-10T00:00:00.000Z",
                "rent": 750,
                "title": "Conor's room",
                "photos": [
                    "http://www.fndvisions.org/img/cutecat.jpg",
                    "http://www.cdc.gov/features/salmonellababybirds/salmonellababybirds_456px.jpg",
                    "http://www.findcatnames.com/wp-content/uploads/2014/09/453768-cats-cute.jpg",
                    "https://www.screensaversplanet.com/img/screenshots/screensavers/large/cute-cats-1.png"
                ]
            }
        ],
        "common_area_photos": {
            "kitchen": [
                "http://www.fndvisions.org/img/cutecat.jpg",
                "http://www.cdc.gov/features/salmonellababybirds/salmonellababybirds_456px.jpg"
            ],
            "living_room": [
                "http://www.fndvisions.org/img/cutecat.jpg",
                "http://cdn.skim.gs/image/upload/v1456344012/msi/Puppy_2_kbhb4a.jpg"
            ],
            "bathroom": [
                "http://www.fndvisions.org/img/cutecat.jpg",
                "http://www.cdc.gov/features/salmonellababybirds/salmonellababybirds_456px.jpg"
],
            "other": [
                "http://www.fndvisions.org/img/cutecat.jpg",
                "http://cdn.skim.gs/image/upload/v1456344012/msi/Puppy_2_kbhb4a.jpg"
            ]
        }
},{
        "user_id": "2",
        "apt_info": {
            "address": "454545 Professors Row",
            "lat": 42.4134020,
            "lng": -71.1219690,
            "num_occupants": 4,
            "op_details": {
                "pre_furnished": true,
                "incl_air_conditioning": true,
                "incl_washing_machine": true,
                "incl_dryer": true,
                "incl_dishwasher": true,
                "smoking_permitted": true,
                "handicap_accessible": true,
                "on_premises_parking": true,
                "pets_permitted": true
            }
        },
        "bedrooms": [
            {
                "date_start": "2016-05-23T00:00:00.000Z",
                "date_end": "2016-08-23T00:00:00.000Z",
                "rent": 667,
                "title": "Jackson's room",
                "photos": [
                    "http://www.pawderosa.com/images/puppies.jpg",
                    "http://www.pamperedpetz.net/wp-content/uploads/2015/09/Puppy1.jpg",
                    "http://cdn.skim.gs/image/upload/v1456344012/msi/Puppy_2_kbhb4a.jpg",
                    "http://cdn.skim.gs/image/upload/v1456344012/msi/Puppy_2_kbhb4a.jpg"
                ],
                "op_details": {
                    "pre_furnished": true,
                    "incl_air_conditioning": true
                },
                "date_start_is_flexible": true,
                "date_end_is_flexible": true
            },
            {
                "date_start": "2016-05-14T00:00:00.000Z",
                "date_end": "2016-09-10T00:00:00.000Z",
                "rent": 750,
                "title": "Conor's room",
                "photos": [
                    "http://www.fndvisions.org/img/cutecat.jpg",
                    "http://cdn.skim.gs/image/upload/v1456344012/msi/Puppy_2_kbhb4a.jpg",
                    "http://www.findcatnames.com/wp-content/uploads/2014/09/453768-cats-cute.jpg",
                    "https://www.screensaversplanet.com/img/screenshots/screensavers/large/cute-cats-1.png"
                ]
            }
        ],
        "common_area_photos": {
            "kitchen": [
                "http://www.fndvisions.org/img/cutecat.jpg",
                "http://cdn.skim.gs/image/upload/v1456344012/msi/Puppy_2_kbhb4a.jpg"
            ],
            "living_room": [
                "http://www.fndvisions.org/img/cutecat.jpg",
                "http://cdn.skim.gs/image/upload/v1456344012/msi/Puppy_2_kbhb4a.jpg"

            ],
            "bathroom": [
                "http://www.fndvisions.org/img/cutecat.jpg",
               "http://cdn.skim.gs/image/upload/v1456344012/msi/Puppy_2_kbhb4a.jpg"
],
            "other": [
                "http://www.fndvisions.org/img/cutecat.jpg",
                "http://cdn.skim.gs/image/upload/v1456344012/msi/Puppy_2_kbhb4a.jpg"
            ]
        }
},{
        "user_id": "2",
        "apt_info": {
            "address": "454545 Professors Row",
            "lat": 42.4134020,
            "lng": -71.1219690,
            "num_occupants": 4,
            "op_details": {
                "pre_furnished": true,
                "incl_air_conditioning": true,
                "incl_washing_machine": true,
                "incl_dryer": true,
                "incl_dishwasher": true,
                "smoking_permitted": true,
                "handicap_accessible": true,
                "on_premises_parking": true,
                "pets_permitted": true
            }
        },
        "bedrooms": [
            {
                "date_start": "2016-05-23T00:00:00.000Z",
                "date_end": "2016-08-23T00:00:00.000Z",
                "rent": 667,
                "title": "Jackson's room",
                "photos": [
                    "http://www.pawderosa.com/images/puppies.jpg",
                    "http://www.pamperedpetz.net/wp-content/uploads/2015/09/Puppy1.jpg",
                    "http://cdn.skim.gs/image/upload/v1456344012/msi/Puppy_2_kbhb4a.jpg",
                    "http://cdn.skim.gs/image/upload/v1456344012/msi/Puppy_2_kbhb4a.jpg"
                ],
                "op_details": {
                    "pre_furnished": true,
                    "incl_air_conditioning": true
                },
                "date_start_is_flexible": true,
                "date_end_is_flexible": true
            },
            {
                "date_start": "2016-05-14T00:00:00.000Z",
                "date_end": "2016-09-10T00:00:00.000Z",
                "rent": 750,
                "title": "Conor's room",
                "photos": [
                    "http://www.fndvisions.org/img/cutecat.jpg",
                    "http://cdn.skim.gs/image/upload/v1456344012/msi/Puppy_2_kbhb4a.jpg",
                    "http://www.findcatnames.com/wp-content/uploads/2014/09/453768-cats-cute.jpg",
                    "https://www.screensaversplanet.com/img/screenshots/screensavers/large/cute-cats-1.png"
                ]
            }
        ],
        "common_area_photos": {
            "kitchen": [
                "http://www.fndvisions.org/img/cutecat.jpg",
                "http://cdn.skim.gs/image/upload/v1456344012/msi/Puppy_2_kbhb4a.jpg"
            ],
            "living_room": [
                "http://www.fndvisions.org/img/cutecat.jpg",
                "http://cdn.skim.gs/image/upload/v1456344012/msi/Puppy_2_kbhb4a.jpg"

            ],
            "bathroom": [
                "http://www.fndvisions.org/img/cutecat.jpg",
               "http://cdn.skim.gs/image/upload/v1456344012/msi/Puppy_2_kbhb4a.jpg"
],
            "other": [
                "http://www.fndvisions.org/img/cutecat.jpg",
                "http://cdn.skim.gs/image/upload/v1456344012/msi/Puppy_2_kbhb4a.jpg"
            ]
        }
},{
        "user_id": "2",
        "apt_info": {
            "address": "454545 Professors Row",
            "lat": 42.4134020,
            "lng": -71.1219690,
            "num_occupants": 4,
            "op_details": {
                "pre_furnished": true,
                "incl_air_conditioning": true,
                "incl_washing_machine": true,
                "incl_dryer": true,
                "incl_dishwasher": true,
                "smoking_permitted": true,
                "handicap_accessible": true,
                "on_premises_parking": true,
                "pets_permitted": true
            }
        },
        "bedrooms": [
            {
                "date_start": "2016-05-23T00:00:00.000Z",
                "date_end": "2016-08-23T00:00:00.000Z",
                "rent": 667,
                "title": "Jackson's room",
                "photos": [
                    "http://www.pawderosa.com/images/puppies.jpg",
                    "http://www.pamperedpetz.net/wp-content/uploads/2015/09/Puppy1.jpg",
                    "http://cdn.skim.gs/image/upload/v1456344012/msi/Puppy_2_kbhb4a.jpg",
                    "http://cdn.skim.gs/image/upload/v1456344012/msi/Puppy_2_kbhb4a.jpg"
                ],
                "op_details": {
                    "pre_furnished": true,
                    "incl_air_conditioning": true
                },
                "date_start_is_flexible": true,
                "date_end_is_flexible": true
            },
            {
                "date_start": "2016-05-14T00:00:00.000Z",
                "date_end": "2016-09-10T00:00:00.000Z",
                "rent": 750,
                "title": "Conor's room",
                "photos": [
                    "http://www.fndvisions.org/img/cutecat.jpg",
                    "http://cdn.skim.gs/image/upload/v1456344012/msi/Puppy_2_kbhb4a.jpg",
                    "http://www.findcatnames.com/wp-content/uploads/2014/09/453768-cats-cute.jpg",
                    "https://www.screensaversplanet.com/img/screenshots/screensavers/large/cute-cats-1.png"
                ]
            }
        ],
        "common_area_photos": {
            "kitchen": [
                "http://www.fndvisions.org/img/cutecat.jpg",
                "http://cdn.skim.gs/image/upload/v1456344012/msi/Puppy_2_kbhb4a.jpg"
            ],
            "living_room": [
                "http://www.fndvisions.org/img/cutecat.jpg",
                "http://cdn.skim.gs/image/upload/v1456344012/msi/Puppy_2_kbhb4a.jpg"

            ],
            "bathroom": [
                "http://www.fndvisions.org/img/cutecat.jpg",
               "http://cdn.skim.gs/image/upload/v1456344012/msi/Puppy_2_kbhb4a.jpg"
],
            "other": [
                "http://www.fndvisions.org/img/cutecat.jpg",
                "http://cdn.skim.gs/image/upload/v1456344012/msi/Puppy_2_kbhb4a.jpg"
            ]
        }
},{
        "user_id": "2",
        "apt_info": {
            "address": "454545 Professors Row",
            "lat": 42.4134020,
            "lng": -71.1219690,
            "num_occupants": 4,
            "op_details": {
                "pre_furnished": true,
                "incl_air_conditioning": true,
                "incl_washing_machine": true,
                "incl_dryer": true,
                "incl_dishwasher": true,
                "smoking_permitted": true,
                "handicap_accessible": true,
                "on_premises_parking": true,
                "pets_permitted": true
            }
        },
        "bedrooms": [
            {
                "date_start": "2016-05-23T00:00:00.000Z",
                "date_end": "2016-08-23T00:00:00.000Z",
                "rent": 667,
                "title": "Jackson's room",
                "photos": [
                    "http://www.pawderosa.com/images/puppies.jpg",
                    "http://www.pamperedpetz.net/wp-content/uploads/2015/09/Puppy1.jpg",
                    "http://cdn.skim.gs/image/upload/v1456344012/msi/Puppy_2_kbhb4a.jpg",
                    "http://cdn.skim.gs/image/upload/v1456344012/msi/Puppy_2_kbhb4a.jpg"
                ],
                "op_details": {
                    "pre_furnished": true,
                    "incl_air_conditioning": true
                },
                "date_start_is_flexible": true,
                "date_end_is_flexible": true
            },
            {
                "date_start": "2016-05-14T00:00:00.000Z",
                "date_end": "2016-09-10T00:00:00.000Z",
                "rent": 750,
                "title": "Conor's room",
                "photos": [
                    "http://www.fndvisions.org/img/cutecat.jpg",
                    "http://cdn.skim.gs/image/upload/v1456344012/msi/Puppy_2_kbhb4a.jpg",
                    "http://www.findcatnames.com/wp-content/uploads/2014/09/453768-cats-cute.jpg",
                    "https://www.screensaversplanet.com/img/screenshots/screensavers/large/cute-cats-1.png"
                ]
            }
        ],
        "common_area_photos": {
            "kitchen": [
                "http://www.fndvisions.org/img/cutecat.jpg",
                "http://cdn.skim.gs/image/upload/v1456344012/msi/Puppy_2_kbhb4a.jpg"
            ],
            "living_room": [
                "http://www.fndvisions.org/img/cutecat.jpg",
                "http://cdn.skim.gs/image/upload/v1456344012/msi/Puppy_2_kbhb4a.jpg"

            ],
            "bathroom": [
                "http://www.fndvisions.org/img/cutecat.jpg",
               "http://cdn.skim.gs/image/upload/v1456344012/msi/Puppy_2_kbhb4a.jpg"
],
            "other": [
                "http://www.fndvisions.org/img/cutecat.jpg",
                "http://cdn.skim.gs/image/upload/v1456344012/msi/Puppy_2_kbhb4a.jpg"
            ]
        }
},{
        "user_id": "2",
        "apt_info": {
            "address": "454545 Professors Row",
            "lat": 42.4134020,
            "lng": -71.1219690,
            "num_occupants": 4,
            "op_details": {
                "pre_furnished": true,
                "incl_air_conditioning": true,
                "incl_washing_machine": true,
                "incl_dryer": true,
                "incl_dishwasher": true,
                "smoking_permitted": true,
                "handicap_accessible": true,
                "on_premises_parking": true,
                "pets_permitted": true
            }
        },
        "bedrooms": [
            {
                "date_start": "2016-05-23T00:00:00.000Z",
                "date_end": "2016-08-23T00:00:00.000Z",
                "rent": 667,
                "title": "Jackson's room",
                "photos": [
                    "http://www.pawderosa.com/images/puppies.jpg",
                    "http://www.pamperedpetz.net/wp-content/uploads/2015/09/Puppy1.jpg",
                    "http://cdn.skim.gs/image/upload/v1456344012/msi/Puppy_2_kbhb4a.jpg",
                    "http://cdn.skim.gs/image/upload/v1456344012/msi/Puppy_2_kbhb4a.jpg"
                ],
                "op_details": {
                    "pre_furnished": true,
                    "incl_air_conditioning": true
                },
                "date_start_is_flexible": true,
                "date_end_is_flexible": true
            },
            {
                "date_start": "2016-05-14T00:00:00.000Z",
                "date_end": "2016-09-10T00:00:00.000Z",
                "rent": 750,
                "title": "Conor's room",
                "photos": [
                    "http://www.fndvisions.org/img/cutecat.jpg",
                    "http://cdn.skim.gs/image/upload/v1456344012/msi/Puppy_2_kbhb4a.jpg",
                    "http://www.findcatnames.com/wp-content/uploads/2014/09/453768-cats-cute.jpg",
                    "https://www.screensaversplanet.com/img/screenshots/screensavers/large/cute-cats-1.png"
                ]
            }
        ],
        "common_area_photos": {
            "kitchen": [
                "http://www.fndvisions.org/img/cutecat.jpg",
                "http://cdn.skim.gs/image/upload/v1456344012/msi/Puppy_2_kbhb4a.jpg"
            ],
            "living_room": [
                "http://www.fndvisions.org/img/cutecat.jpg",
                "http://cdn.skim.gs/image/upload/v1456344012/msi/Puppy_2_kbhb4a.jpg"

            ],
            "bathroom": [
                "http://www.fndvisions.org/img/cutecat.jpg",
               "http://cdn.skim.gs/image/upload/v1456344012/msi/Puppy_2_kbhb4a.jpg"
],
            "other": [
                "http://www.fndvisions.org/img/cutecat.jpg",
                "http://cdn.skim.gs/image/upload/v1456344012/msi/Puppy_2_kbhb4a.jpg"
            ]
        }
},{
        "user_id": "2",
        "apt_info": {
            "address": "454545 Professors Row",
            "lat": 42.4134020,
            "lng": -71.1219690,
            "num_occupants": 4,
            "op_details": {
                "pre_furnished": true,
                "incl_air_conditioning": true,
                "incl_washing_machine": true,
                "incl_dryer": true,
                "incl_dishwasher": true,
                "smoking_permitted": true,
                "handicap_accessible": true,
                "on_premises_parking": true,
                "pets_permitted": true
            }
        },
        "bedrooms": [
            {
                "date_start": "2016-05-23T00:00:00.000Z",
                "date_end": "2016-08-23T00:00:00.000Z",
                "rent": 667,
                "title": "Jackson's room",
                "photos": [
                    "http://www.pawderosa.com/images/puppies.jpg",
                    "http://www.pamperedpetz.net/wp-content/uploads/2015/09/Puppy1.jpg",
                    "http://cdn.skim.gs/image/upload/v1456344012/msi/Puppy_2_kbhb4a.jpg",
                    "http://cdn.skim.gs/image/upload/v1456344012/msi/Puppy_2_kbhb4a.jpg"
                ],
                "op_details": {
                    "pre_furnished": true,
                    "incl_air_conditioning": true
                },
                "date_start_is_flexible": true,
                "date_end_is_flexible": true
            },
            {
                "date_start": "2016-05-14T00:00:00.000Z",
                "date_end": "2016-09-10T00:00:00.000Z",
                "rent": 750,
                "title": "Conor's room",
                "photos": [
                    "http://www.fndvisions.org/img/cutecat.jpg",
                    "http://cdn.skim.gs/image/upload/v1456344012/msi/Puppy_2_kbhb4a.jpg",
                    "http://www.findcatnames.com/wp-content/uploads/2014/09/453768-cats-cute.jpg",
                    "https://www.screensaversplanet.com/img/screenshots/screensavers/large/cute-cats-1.png"
                ]
            }
        ],
        "common_area_photos": {
            "kitchen": [
                "http://www.fndvisions.org/img/cutecat.jpg",
                "http://cdn.skim.gs/image/upload/v1456344012/msi/Puppy_2_kbhb4a.jpg"
            ],
            "living_room": [
                "http://www.fndvisions.org/img/cutecat.jpg",
                "http://cdn.skim.gs/image/upload/v1456344012/msi/Puppy_2_kbhb4a.jpg"

            ],
            "bathroom": [
                "http://www.fndvisions.org/img/cutecat.jpg",
               "http://cdn.skim.gs/image/upload/v1456344012/msi/Puppy_2_kbhb4a.jpg"
],
            "other": [
                "http://www.fndvisions.org/img/cutecat.jpg",
                "http://cdn.skim.gs/image/upload/v1456344012/msi/Puppy_2_kbhb4a.jpg"
            ]
        }
},{
        "user_id": "2",
        "apt_info": {
            "address": "454545 Professors Row",
            "lat": 42.4134020,
            "lng": -71.1219690,
            "num_occupants": 4,
            "op_details": {
                "pre_furnished": true,
                "incl_air_conditioning": true,
                "incl_washing_machine": true,
                "incl_dryer": true,
                "incl_dishwasher": true,
                "smoking_permitted": true,
                "handicap_accessible": true,
                "on_premises_parking": true,
                "pets_permitted": true
            }
        },
        "bedrooms": [
            {
                "date_start": "2016-05-23T00:00:00.000Z",
                "date_end": "2016-08-23T00:00:00.000Z",
                "rent": 667,
                "title": "Jackson's room",
                "photos": [
                    "http://www.pawderosa.com/images/puppies.jpg",
                    "http://www.pamperedpetz.net/wp-content/uploads/2015/09/Puppy1.jpg",
                    "http://cdn.skim.gs/image/upload/v1456344012/msi/Puppy_2_kbhb4a.jpg",
                    "http://cdn.skim.gs/image/upload/v1456344012/msi/Puppy_2_kbhb4a.jpg"
                ],
                "op_details": {
                    "pre_furnished": true,
                    "incl_air_conditioning": true
                },
                "date_start_is_flexible": true,
                "date_end_is_flexible": true
            },
            {
                "date_start": "2016-05-14T00:00:00.000Z",
                "date_end": "2016-09-10T00:00:00.000Z",
                "rent": 750,
                "title": "Conor's room",
                "photos": [
                    "http://www.fndvisions.org/img/cutecat.jpg",
                    "http://cdn.skim.gs/image/upload/v1456344012/msi/Puppy_2_kbhb4a.jpg",
                    "http://www.findcatnames.com/wp-content/uploads/2014/09/453768-cats-cute.jpg",
                    "https://www.screensaversplanet.com/img/screenshots/screensavers/large/cute-cats-1.png"
                ]
            }
        ],
        "common_area_photos": {
            "kitchen": [
                "http://www.fndvisions.org/img/cutecat.jpg",
                "http://cdn.skim.gs/image/upload/v1456344012/msi/Puppy_2_kbhb4a.jpg"
            ],
            "living_room": [
                "http://www.fndvisions.org/img/cutecat.jpg",
                "http://cdn.skim.gs/image/upload/v1456344012/msi/Puppy_2_kbhb4a.jpg"

            ],
            "bathroom": [
                "http://www.fndvisions.org/img/cutecat.jpg",
               "http://cdn.skim.gs/image/upload/v1456344012/msi/Puppy_2_kbhb4a.jpg"
],
            "other": [
                "http://www.fndvisions.org/img/cutecat.jpg",
                "http://cdn.skim.gs/image/upload/v1456344012/msi/Puppy_2_kbhb4a.jpg"
            ]
        }
},{
        "user_id": "2",
        "apt_info": {
            "address": "454545 Professors Row",
            "lat": 42.4134020,
            "lng": -71.1219690,
            "num_occupants": 4,
            "op_details": {
                "pre_furnished": true,
                "incl_air_conditioning": true,
                "incl_washing_machine": true,
                "incl_dryer": true,
                "incl_dishwasher": true,
                "smoking_permitted": true,
                "handicap_accessible": true,
                "on_premises_parking": true,
                "pets_permitted": true
            }
        },
        "bedrooms": [
            {
                "date_start": "2016-05-23T00:00:00.000Z",
                "date_end": "2016-08-23T00:00:00.000Z",
                "rent": 667,
                "title": "Jackson's room",
                "photos": [
                    "http://www.pawderosa.com/images/puppies.jpg",
                    "http://www.pamperedpetz.net/wp-content/uploads/2015/09/Puppy1.jpg",
                    "http://cdn.skim.gs/image/upload/v1456344012/msi/Puppy_2_kbhb4a.jpg",
                    "http://cdn.skim.gs/image/upload/v1456344012/msi/Puppy_2_kbhb4a.jpg"
                ],
                "op_details": {
                    "pre_furnished": true,
                    "incl_air_conditioning": true
                },
                "date_start_is_flexible": true,
                "date_end_is_flexible": true
            },
            {
                "date_start": "2016-05-14T00:00:00.000Z",
                "date_end": "2016-09-10T00:00:00.000Z",
                "rent": 750,
                "title": "Conor's room",
                "photos": [
                    "http://www.fndvisions.org/img/cutecat.jpg",
                    "http://cdn.skim.gs/image/upload/v1456344012/msi/Puppy_2_kbhb4a.jpg",
                    "http://www.findcatnames.com/wp-content/uploads/2014/09/453768-cats-cute.jpg",
                    "https://www.screensaversplanet.com/img/screenshots/screensavers/large/cute-cats-1.png"
                ]
            }
        ],
        "common_area_photos": {
            "kitchen": [
                "http://www.fndvisions.org/img/cutecat.jpg",
                "http://cdn.skim.gs/image/upload/v1456344012/msi/Puppy_2_kbhb4a.jpg"
            ],
            "living_room": [
                "http://www.fndvisions.org/img/cutecat.jpg",
                "http://cdn.skim.gs/image/upload/v1456344012/msi/Puppy_2_kbhb4a.jpg"

            ],
            "bathroom": [
                "http://www.fndvisions.org/img/cutecat.jpg",
               "http://cdn.skim.gs/image/upload/v1456344012/msi/Puppy_2_kbhb4a.jpg"
],
            "other": [
                "http://www.fndvisions.org/img/cutecat.jpg",
                "http://cdn.skim.gs/image/upload/v1456344012/msi/Puppy_2_kbhb4a.jpg"
            ]
        }
},{
        "user_id": "2",
        "apt_info": {
            "address": "454545 Professors Row",
            "lat": 42.4134020,
            "lng": -71.1219690,
            "num_occupants": 4,
            "op_details": {
                "pre_furnished": true,
                "incl_air_conditioning": true,
                "incl_washing_machine": true,
                "incl_dryer": true,
                "incl_dishwasher": true,
                "smoking_permitted": true,
                "handicap_accessible": true,
                "on_premises_parking": true,
                "pets_permitted": true
            }
        },
        "bedrooms": [
            {
                "date_start": "2016-05-23T00:00:00.000Z",
                "date_end": "2016-08-23T00:00:00.000Z",
                "rent": 667,
                "title": "Jackson's room",
                "photos": [
                    "http://www.pawderosa.com/images/puppies.jpg",
                    "http://www.pamperedpetz.net/wp-content/uploads/2015/09/Puppy1.jpg",
                    "http://cdn.skim.gs/image/upload/v1456344012/msi/Puppy_2_kbhb4a.jpg",
                    "http://cdn.skim.gs/image/upload/v1456344012/msi/Puppy_2_kbhb4a.jpg"
                ],
                "op_details": {
                    "pre_furnished": true,
                    "incl_air_conditioning": true
                },
                "date_start_is_flexible": true,
                "date_end_is_flexible": true
            },
            {
                "date_start": "2016-05-14T00:00:00.000Z",
                "date_end": "2016-09-10T00:00:00.000Z",
                "rent": 750,
                "title": "Conor's room",
                "photos": [
                    "http://www.fndvisions.org/img/cutecat.jpg",
                    "http://cdn.skim.gs/image/upload/v1456344012/msi/Puppy_2_kbhb4a.jpg",
                    "http://www.findcatnames.com/wp-content/uploads/2014/09/453768-cats-cute.jpg",
                    "https://www.screensaversplanet.com/img/screenshots/screensavers/large/cute-cats-1.png"
                ]
            }
        ],
        "common_area_photos": {
            "kitchen": [
                "http://www.fndvisions.org/img/cutecat.jpg",
                "http://cdn.skim.gs/image/upload/v1456344012/msi/Puppy_2_kbhb4a.jpg"
            ],
            "living_room": [
                "http://www.fndvisions.org/img/cutecat.jpg",
                "http://cdn.skim.gs/image/upload/v1456344012/msi/Puppy_2_kbhb4a.jpg"

            ],
            "bathroom": [
                "http://www.fndvisions.org/img/cutecat.jpg",
               "http://cdn.skim.gs/image/upload/v1456344012/msi/Puppy_2_kbhb4a.jpg"
],
            "other": [
                "http://www.fndvisions.org/img/cutecat.jpg",
                "http://cdn.skim.gs/image/upload/v1456344012/msi/Puppy_2_kbhb4a.jpg"
            ]
        }
},{
        "user_id": "2",
        "apt_info": {
            "address": "454545 Professors Row",
            "lat": 42.4134020,
            "lng": -71.1219690,
            "num_occupants": 4,
            "op_details": {
                "pre_furnished": true,
                "incl_air_conditioning": true,
                "incl_washing_machine": true,
                "incl_dryer": true,
                "incl_dishwasher": true,
                "smoking_permitted": true,
                "handicap_accessible": true,
                "on_premises_parking": true,
                "pets_permitted": true
            }
        },
        "bedrooms": [
            {
                "date_start": "2016-05-23T00:00:00.000Z",
                "date_end": "2016-08-23T00:00:00.000Z",
                "rent": 667,
                "title": "Jackson's room",
                "photos": [
                    "http://www.pawderosa.com/images/puppies.jpg",
                    "http://www.pamperedpetz.net/wp-content/uploads/2015/09/Puppy1.jpg",
                    "http://cdn.skim.gs/image/upload/v1456344012/msi/Puppy_2_kbhb4a.jpg",
                    "http://cdn.skim.gs/image/upload/v1456344012/msi/Puppy_2_kbhb4a.jpg"
                ],
                "op_details": {
                    "pre_furnished": true,
                    "incl_air_conditioning": true
                },
                "date_start_is_flexible": true,
                "date_end_is_flexible": true
            },
            {
                "date_start": "2016-05-14T00:00:00.000Z",
                "date_end": "2016-09-10T00:00:00.000Z",
                "rent": 750,
                "title": "Conor's room",
                "photos": [
                    "http://www.fndvisions.org/img/cutecat.jpg",
                    "http://cdn.skim.gs/image/upload/v1456344012/msi/Puppy_2_kbhb4a.jpg",
                    "http://www.findcatnames.com/wp-content/uploads/2014/09/453768-cats-cute.jpg",
                    "https://www.screensaversplanet.com/img/screenshots/screensavers/large/cute-cats-1.png"
                ]
            }
        ],
        "common_area_photos": {
            "kitchen": [
                "http://www.fndvisions.org/img/cutecat.jpg",
                "http://cdn.skim.gs/image/upload/v1456344012/msi/Puppy_2_kbhb4a.jpg"
            ],
            "living_room": [
                "http://www.fndvisions.org/img/cutecat.jpg",
                "http://cdn.skim.gs/image/upload/v1456344012/msi/Puppy_2_kbhb4a.jpg"

            ],
            "bathroom": [
                "http://www.fndvisions.org/img/cutecat.jpg",
               "http://cdn.skim.gs/image/upload/v1456344012/msi/Puppy_2_kbhb4a.jpg"
],
            "other": [
                "http://www.fndvisions.org/img/cutecat.jpg",
                "http://cdn.skim.gs/image/upload/v1456344012/msi/Puppy_2_kbhb4a.jpg"
            ]
        }
},{
        "user_id": "2",
        "apt_info": {
            "address": "454545 Professors Row",
            "lat": 42.4134020,
            "lng": -71.1219690,
            "num_occupants": 4,
            "op_details": {
                "pre_furnished": true,
                "incl_air_conditioning": true,
                "incl_washing_machine": true,
                "incl_dryer": true,
                "incl_dishwasher": true,
                "smoking_permitted": true,
                "handicap_accessible": true,
                "on_premises_parking": true,
                "pets_permitted": true
            }
        },
        "bedrooms": [
            {
                "date_start": "2016-05-23T00:00:00.000Z",
                "date_end": "2016-08-23T00:00:00.000Z",
                "rent": 667,
                "title": "Jackson's room",
                "photos": [
                    "http://www.pawderosa.com/images/puppies.jpg",
                    "http://www.pamperedpetz.net/wp-content/uploads/2015/09/Puppy1.jpg",
                    "http://cdn.skim.gs/image/upload/v1456344012/msi/Puppy_2_kbhb4a.jpg",
                    "http://cdn.skim.gs/image/upload/v1456344012/msi/Puppy_2_kbhb4a.jpg"
                ],
                "op_details": {
                    "pre_furnished": true,
                    "incl_air_conditioning": true
                },
                "date_start_is_flexible": true,
                "date_end_is_flexible": true
            },
            {
                "date_start": "2016-05-14T00:00:00.000Z",
                "date_end": "2016-09-10T00:00:00.000Z",
                "rent": 750,
                "title": "Conor's room",
                "photos": [
                    "http://www.fndvisions.org/img/cutecat.jpg",
                    "http://cdn.skim.gs/image/upload/v1456344012/msi/Puppy_2_kbhb4a.jpg",
                    "http://www.findcatnames.com/wp-content/uploads/2014/09/453768-cats-cute.jpg",
                    "https://www.screensaversplanet.com/img/screenshots/screensavers/large/cute-cats-1.png"
                ]
            }
        ],
        "common_area_photos": {
            "kitchen": [
                "http://www.fndvisions.org/img/cutecat.jpg",
                "http://cdn.skim.gs/image/upload/v1456344012/msi/Puppy_2_kbhb4a.jpg"
            ],
            "living_room": [
                "http://www.fndvisions.org/img/cutecat.jpg",
                "http://cdn.skim.gs/image/upload/v1456344012/msi/Puppy_2_kbhb4a.jpg"

            ],
            "bathroom": [
                "http://www.fndvisions.org/img/cutecat.jpg",
               "http://cdn.skim.gs/image/upload/v1456344012/msi/Puppy_2_kbhb4a.jpg"
],
            "other": [
                "http://www.fndvisions.org/img/cutecat.jpg",
                "http://cdn.skim.gs/image/upload/v1456344012/msi/Puppy_2_kbhb4a.jpg"
            ]
        }
},{
        "user_id": "2",
        "apt_info": {
            "address": "454545 Professors Row",
            "lat": 42.4134020,
            "lng": -71.1219690,
            "num_occupants": 4,
            "op_details": {
                "pre_furnished": true,
                "incl_air_conditioning": true,
                "incl_washing_machine": true,
                "incl_dryer": true,
                "incl_dishwasher": true,
                "smoking_permitted": true,
                "handicap_accessible": true,
                "on_premises_parking": true,
                "pets_permitted": true
            }
        },
        "bedrooms": [
            {
                "date_start": "2016-05-23T00:00:00.000Z",
                "date_end": "2016-08-23T00:00:00.000Z",
                "rent": 667,
                "title": "Jackson's room",
                "photos": [
                    "http://www.pawderosa.com/images/puppies.jpg",
                    "http://www.pamperedpetz.net/wp-content/uploads/2015/09/Puppy1.jpg",
                    "http://cdn.skim.gs/image/upload/v1456344012/msi/Puppy_2_kbhb4a.jpg",
                    "http://cdn.skim.gs/image/upload/v1456344012/msi/Puppy_2_kbhb4a.jpg"
                ],
                "op_details": {
                    "pre_furnished": true,
                    "incl_air_conditioning": true
                },
                "date_start_is_flexible": true,
                "date_end_is_flexible": true
            },
            {
                "date_start": "2016-05-14T00:00:00.000Z",
                "date_end": "2016-09-10T00:00:00.000Z",
                "rent": 750,
                "title": "Conor's room",
                "photos": [
                    "http://www.fndvisions.org/img/cutecat.jpg",
                    "http://cdn.skim.gs/image/upload/v1456344012/msi/Puppy_2_kbhb4a.jpg",
                    "http://www.findcatnames.com/wp-content/uploads/2014/09/453768-cats-cute.jpg",
                    "https://www.screensaversplanet.com/img/screenshots/screensavers/large/cute-cats-1.png"
                ]
            }
        ],
        "common_area_photos": {
            "kitchen": [
                "http://www.fndvisions.org/img/cutecat.jpg",
                "http://cdn.skim.gs/image/upload/v1456344012/msi/Puppy_2_kbhb4a.jpg"
            ],
            "living_room": [
                "http://www.fndvisions.org/img/cutecat.jpg",
                "http://cdn.skim.gs/image/upload/v1456344012/msi/Puppy_2_kbhb4a.jpg"

            ],
            "bathroom": [
                "http://www.fndvisions.org/img/cutecat.jpg",
               "http://cdn.skim.gs/image/upload/v1456344012/msi/Puppy_2_kbhb4a.jpg"
],
            "other": [
                "http://www.fndvisions.org/img/cutecat.jpg",
                "http://cdn.skim.gs/image/upload/v1456344012/msi/Puppy_2_kbhb4a.jpg"
            ]
        }
}
   ]
